﻿{
  "ProviderId": "Microsoft.VisualStudio.ConnectedService.Wcf",
  "Version": "15.0.40203.910",
  "GettingStartedDocument": {
    "Uri": "https://go.microsoft.com/fwlink/?linkid=858517"
  },
  "ExtendedData": {
    "inputs": [
      "https://tckimlik.nvi.gov.tr/Service/KPSPublic.asmx"
    ],
    "collectionTypes": [
      "System.Collections.Generic.Dictionary`2",
      "System.Collections.Generic.List`1"
    ],
    "messageContract": true,
    "namespaceMappings": [
      "*, MernisServiceReference"
    ],
    "references": [
      "C:\\Users\\Lenovo\\source\\repos\\CoffeeShopWithMernis\\Business\\bin\\Debug\\netstandard2.0\\Core.dll",
      "C:\\Users\\Lenovo\\source\\repos\\CoffeeShopWithMernis\\Business\\bin\\Debug\\netstandard2.0\\DataAccess.dll",
      "C:\\Users\\Lenovo\\source\\repos\\CoffeeShopWithMernis\\Business\\bin\\Debug\\netstandard2.0\\Entities.dll",
      "Microsoft.Bcl.AsyncInterfaces, {Microsoft.Bcl.AsyncInterfaces, 1.1.1}",
      "Microsoft.Bcl.HashCode, {Microsoft.Bcl.HashCode, 1.1.1}",
      "Microsoft.Data.SqlClient, {Microsoft.Data.SqlClient, 1.1.3}",
      "Microsoft.EntityFrameworkCore, {Microsoft.EntityFrameworkCore, 3.1.11}",
      "Microsoft.EntityFrameworkCore.Abstractions, {Microsoft.EntityFrameworkCore.Abstractions, 3.1.11}",
      "Microsoft.EntityFrameworkCore.Relational, {Microsoft.EntityFrameworkCore.Relational, 3.1.11}",
      "Microsoft.EntityFrameworkCore.SqlServer, {Microsoft.EntityFrameworkCore.SqlServer, 3.1.11}",
      "Microsoft.Extensions.Caching.Abstractions, {Microsoft.Extensions.Caching.Abstractions, 3.1.11}",
      "Microsoft.Extensions.Caching.Memory, {Microsoft.Extensions.Caching.Memory, 3.1.11}",
      "Microsoft.Extensions.Configuration, {Microsoft.Extensions.Configuration, 3.1.11}",
      "Microsoft.Extensions.Configuration.Abstractions, {Microsoft.Extensions.Configuration.Abstractions, 3.1.11}",
      "Microsoft.Extensions.Configuration.Binder, {Microsoft.Extensions.Configuration.Binder, 3.1.11}",
      "Microsoft.Extensions.DependencyInjection, {Microsoft.Extensions.DependencyInjection, 3.1.11}",
      "Microsoft.Extensions.DependencyInjection.Abstractions, {Microsoft.Extensions.DependencyInjection.Abstractions, 3.1.11}",
      "Microsoft.Extensions.Logging, {Microsoft.Extensions.Logging, 3.1.11}",
      "Microsoft.Extensions.Logging.Abstractions, {Microsoft.Extensions.Logging.Abstractions, 3.1.11}",
      "Microsoft.Extensions.Options, {Microsoft.Extensions.Options, 3.1.11}",
      "Microsoft.Extensions.Primitives, {Microsoft.Extensions.Primitives, 3.1.11}",
      "System.Buffers, {System.Buffers, 4.5.1}",
      "System.Collections.Immutable, {System.Collections.Immutable, 1.7.1}",
      "System.ComponentModel.Annotations, {System.ComponentModel.Annotations, 4.7.0}",
      "System.Diagnostics.DiagnosticSource, {System.Diagnostics.DiagnosticSource, 4.7.1}",
      "System.Memory, {System.Memory, 4.5.4}",
      "System.Numerics.Vectors, {System.Numerics.Vectors, 4.4.0}",
      "System.Runtime.CompilerServices.Unsafe, {System.Runtime.CompilerServices.Unsafe, 4.7.1}",
      "System.Threading.Tasks.Extensions, {System.Threading.Tasks.Extensions, 4.5.4}"
    ],
    "targetFramework": "netstandard2.0",
    "typeReuseMode": "All"
  }
}